,CTR,Conversion_Rate,unsubscribe_rate,
1,0.054737751,0.050908,0,
2,0.038714052,0.055012,0,
3,0.060735679,0.007724,0,
4,0.073255193,0.058748,0,
5,0.057829194,0.059479,0,
6,0.096471278,0.079183,0,
7,0.096780271,0.063599,0,
8,0.001443434,0.042153,0.050042517,
9,0.053997478,0.049337,0,
10,0.017005964,0.052334,0.003276978,
11,0.00640151,0.073082,0,
12,0.048005145,0.062343,0.1,
13,0.014650425,0.062852,0,
14,0.006724538,0.059247,0,
15,0.023472373,0.050965,0,
16,0.03297886,0.080076,0.009846824,
17,0.054038941,0.064058,0,
18,0.062691002,0.033435,0,
19,0.04509238,0.066587,0.028019089,
20,0.046064503,0.051997,0.04544814,
21,0.051580065,0.044603,0,
22,0.086812198,0.055164,0,
23,0.087216231,0.045123,0,
24,0.094879784,0.048815,0,
25,0.082707244,0.050105,0,
26,0.048632523,0.036914,0,
27,0.055358977,0.068282,0,
28,0.044140117,0.059778,0,
29,0.060300141,0.004373,0,
30,0.064726756,0.073452,0,
31,0.034593997,0.063171,0,
32,0.053885976,0.054206,0,
33,0.064010945,0.068995,0,
34,0.089126455,0.068784,0,
35,0.028607347,0.068081,0,
36,0.071861226,0.066429,0.097407901,
37,0.00179857,0.064755,0.1,
38,0.068461554,0.057103,0,
39,0.060233306,0.005407,0,
40,0.070869299,0.053144,0,
41,0.083601631,0.004924,0.01499738,
42,0.000687068,0.055288,0,
43,0.069385965,0.042148,0,
44,0.014546797,0.084823,0.017909835,
45,0.021245298,0.072882,0.018070225,
46,0.006749277,0.043917,0,
47,0.000200275,0.052866,0,
48,0.064232044,0.052073,0,
49,0.095431888,0.067564,0,
50,0.059961799,0.056836,0,
51,0.080098225,0.006102,0,
52,0.035698494,0.057517,0,
53,0.076746833,0.057339,0,
54,0.096647112,0.074878,0,
55,0.057810285,0.055067,0,
56,0.003677465,0.076715,0.013913174,
57,0.077353014,0.038628,0,
58,0.006642515,0.065136,0,
59,0.052067826,0.059411,0,
60,0.080695139,0.060555,0,
61,0.087492576,0.062589,0,
62,0.025092105,0.005163,0.072451886,
63,0.049320303,0.053732,0.01890598,
64,0.068387839,0.045215,0,
65,0.004903477,0.044554,0,
66,0.036596465,0.061644,0.01042376,
67,0.090356084,0.063441,0,
68,0.038777026,0.058531,0,
69,0.093797713,0.069332,0,
70,0.022869855,0.083346,0.031083649,
71,0.04455607,0.051771,0,
72,0.056678523,0.029179,0,
73,0.020798583,0.070369,0.036891263,
74,0.075210728,0.004906,0,
75,0.098198762,0.049323,0,
76,0.036813381,0.070616,0,
77,0.092717099,0.054334,0.027407647,
78,0.040340136,0.042704,0.032405359,
79,0.070200158,0.060125,0.006467703,
80,0.089960546,0.056146,0.047611142,
81,0.0587349,0.057944,0,
82,0.07032088,0.062659,0,
83,0.086153003,0.053266,0,
84,0.090740509,0.065879,0,
85,0.014221754,0.055132,0,
86,0.08746942,0.061995,0,
87,0.064863792,0.071501,0.027238381,
88,0.054863079,0.063279,0,
89,0.06797405,0.053822,0.084314122,
90,0.059420793,0.072147,0,
91,0.080336651,0.070217,0,
92,0.01607923,0.064686,0,
93,0.013645686,0.060838,0,
94,0.018602618,0.005007,0,
95,0.085766981,0.074779,0.003906925,
96,0.079416087,0.050413,0.039952108,
97,0.02694463,0.085051,0,
98,0.070756356,0.076916,0.060913572,
99,0.060086095,0.054943,0,
100,0.02912495,0.045118,0,
101,0.087400797,0.049045,0,
102,0.068191693,0.061064,0,
103,0.058731216,0.054807,0.012370773,
104,0.073980202,0.053554,0.005131115,
105,0.039818228,0.046047,0,
106,0.094035408,0.057313,0.027359667,
107,0.035279879,0.048119,0,
108,0.059026139,0.037147,0.047231205,
109,0.087370283,0.053147,0,
110,0.09598237,0.069291,0,
111,0.072841123,0.050723,0,
112,0.087315119,0.065426,0,
113,0.047415195,0.037769,0,
114,0.020309623,0.057182,0,
115,0.083456512,0.064326,0,
116,0.063117665,0.061614,0.027359994,
117,0.06138124,0.059185,0,
118,0.00928495,0.049911,0,
119,0.073841945,0.047314,0,
120,0.067153152,0.045146,0,
121,0.013566504,0.059334,0,
122,0.042087304,0.046099,0,
123,0.046438577,0.051776,0,
124,0.061020192,0.005469,0.1,
125,0.038651096,0.080783,0,
126,0.062486188,0.049771,0,
127,0.081533573,0.060797,0.011613164,
128,0.09610674,0.058841,0,
129,0.015287247,0.004592,0.064199123,
130,0.010783626,0.056986,0,
131,0.036091115,0.075822,0,
132,0.0653501,0.063482,0,
133,0.069660848,0.058384,0,
134,0.08653731,0.052622,0.019474907,
135,0.03598852,0.032359,0,
136,0.064296741,0.007193,0,
137,0.095756126,0.039722,0,
138,0.060277454,0.067066,0,
139,0.058153491,0.081594,0,
140,0.011373919,0.039931,0,
141,0.004905134,0.066592,0.020784574,
142,0.068599294,0.054614,0,
143,0.091081013,0.038337,0,
144,0.092977485,0.039051,0,
145,0.049343626,0.037972,0,
146,0.022822046,0.051275,0.031774474,
147,0.054595445,0.039709,0,
148,0.017078193,0.006642,0.000466048,
149,0.083621927,0.083967,0,
150,0.011767115,0.004188,0,
151,0.030937333,0.006766,0.02591365,
152,0.075169954,0.067428,0,
153,0.000250728,0.062,0,
154,0.085771919,0.045342,0,
155,0.081789544,0.056388,0,
156,0.029739906,0.054388,0,
157,0.083607076,0.064868,0.086351741,
158,0.001728194,0.053244,0,
159,0.082407033,0.070012,0,
160,0.052289578,0.053218,0,
161,0.036327922,0.070953,0,
162,0.021675548,0.044835,0,
163,0.036574026,0.042214,0.022745346,
164,0.085528153,0.098144,0,
165,0.047466752,0.052692,0,
166,0.058654581,0.061578,0,
167,0.002022714,0.065782,0,
168,0.026981292,0.051861,0.016384213,
169,0.095428063,0.064294,0,
170,0.0995038,0.062457,0.021670622,
171,0.055002671,0.055196,0,
172,0.077149813,0.058683,0.042744493,
173,0.073437814,0.057449,0.045759628,
174,0.096837196,0.008432,0,
175,0.077033876,0.004866,0,
176,0.084935437,0.044253,0,
177,0.009328625,0.058342,0,
178,0.063981835,0.006173,0,
179,0.035896509,0.063296,0,
180,0.01594425,0.052176,0.030228905,
181,0.062343909,0.044659,0,
182,0.093872957,0.073568,0,
183,0.06410639,0.053527,0,
184,0.006483494,0.047117,0,
185,0.006622208,0.054936,0.034834038,
186,0.071430338,0.055422,0.045416001,
187,0.019841532,0.071664,0.013114011,
188,0.03954703,0.058925,0,
189,0.099824203,0.067242,0,
190,0.089809219,0.051668,0,
191,0.00448644,0.060537,0.035819221,
192,0.071520291,0.053838,0,
193,0.05327641,0.059047,0,
194,0.029217404,0.046746,0.026663042,
195,0.057772332,0.041584,0,
196,0.022196772,0.082689,0,
197,0.000656992,0.065336,0.03777863,
198,0.073188431,0.042324,0.031240126,
199,0.060612543,0.050278,0,
200,0.015185581,0.043142,0,
201,0.023914255,0.085194,0,
202,0.012929311,0.007418,0,
203,0.039094119,0.054577,0.005341839,
204,0.003049789,0.064622,0.082063565,
205,0.055851042,0.052724,0.016504603,
206,0.092442617,0.051954,0.023013489,
207,0.078039293,0.048073,0,
208,0.040057053,0.050483,0,
209,0.024195791,0.078386,0,
210,0.053353634,0.057201,0,
211,0.034159332,0.059354,0.095914247,
212,0.051348477,0.609,0,
213,0.087712004,0.073186,0.013214364,
214,0.052718296,0.005146,0,
215,0.056582589,0.045539,0.02626173,
216,0.079201491,0.078694,0,
217,0.02799937,0.005239,0,
218,0.019364125,0.048887,0.017187407,
219,0.040699806,0.004251,0,
220,0.079026685,0.041908,0.043341118,
221,0.045182876,0.005074,0,
222,0.094674644,0.065551,0.028020428,
223,0.074732059,0.071663,0,
224,0.042225784,0.066664,0,
225,0.054331649,0.053353,0,
226,0.072315044,0.058614,0,
227,0.046661162,0.049117,0,
228,0.084484409,0.004896,0,
229,0.09356524,0.068864,0.00234005,
230,0.086202787,0.045253,0,
231,0.070530907,0.082168,0,
232,0.001570659,0.005675,0.049211775,
233,0.081305792,0.060538,0,
234,0.017896035,0.048695,0.042889192,
235,0.022109366,0.050735,0.043917646,
236,0.018576929,0.041507,0.014351337,
237,0.008550276,0.055599,0,
238,0.03014871,0.063078,0,
239,0.036628126,0.061902,0.045935344,
240,0.033475165,0.048161,0.009285124,
241,0.054290253,0.048073,0,
242,0.045951575,0.051632,0,
243,0.038786491,0.076462,0.025611632,
244,0.097336522,0.004374,0,
245,0.012212141,0.055647,0.012555631,
246,0.028503474,0.008151,0.037732286,
247,0.039280206,0.056617,0.026153845,
248,0.014087887,0.040975,0.07203708,
249,0.008672049,0.049612,0.03008048,
250,0.072741915,0.063904,0,
251,0.050563433,0.053205,0,
252,0.053213825,0.005089,0.034814338,
253,0.054916464,0.053599,0.094824868,
254,0.089572084,0.058997,0,
255,0.043389279,0.077735,0,
256,0.042217467,0.056772,0.000340666,
257,0.003260541,0.071302,0,
258,0.067313051,0.006571,0,
259,0.068991223,0.005646,0,
260,0.054170224,0.038825,0,
261,0.005254532,0.051397,0.012590215,
262,0.053646001,0.051785,0.05125335,
263,0.066553861,0.058458,0,
264,0.020332056,0.074028,0.097049055,
265,0.032011084,0.086365,0,
266,0.007580367,0.077102,0,
267,0.06966376,0.056218,0,
268,0.082260842,0.036046,0,
269,0.077366887,0.053041,0,
270,0.084285144,0.005898,0,
271,0.004620682,0.068372,0,
272,0.046616868,0.069832,0,
273,0.08396456,0.066375,0,
274,0.065768325,0.040535,0,
275,0.060463706,0.068429,0,
276,0.049621362,0.052323,0.1,
277,0.051891557,0.060044,0,
278,0.093919569,0.058798,0,
279,0.059533916,0.063192,0.009414783,
280,0.089115281,0.058179,0,
281,0.087933451,0.037152,0,
282,0.059299451,0.067024,0,
283,0.078668505,0.062669,0,
284,0.096815185,0.054571,0,
285,0.07546077,0.005934,0.000489089,
286,0.031962469,0.059538,0,
287,0.063361777,0.060618,0.05189723,
288,0.096706141,0.078261,0.002276793,
289,0.081122196,0.005515,0,
290,0.069199748,0.005996,0,
291,0.065212196,0.007239,0,
292,0.039348229,0.070971,0.03158547,
293,0.047170646,0.072103,0.002513412,
294,0.034372918,0.050697,0,
295,0.004021214,0.082754,0,
296,0.058821453,0.058701,0.004293801,
297,0.071731214,0.081069,0,
298,0.082765588,0.041086,0,
299,0.000970196,0.058133,0,
300,0.019835148,0.073403,0,
301,0.070040359,0.048985,0.035422601,
302,0.021345799,0.048519,0,
303,0.0127708,0.004621,0,
304,0.040723733,0.044794,0,
305,0.072000394,0.005244,0.01410766,
306,0.002573918,0.061987,0,
307,0.066602997,0.032844,0,
308,0.00910189,0.060506,0,
309,0.050709521,0.073239,0,
310,0.014025784,0.008319,0.043083592,
311,0.013151703,0.007404,0,
312,0.011697139,0.067276,0,
313,0.039526404,0.036416,0,
314,0.093124887,0.050398,0,
315,0.049466689,0.053498,0,
316,0.041992922,0.066614,0,
317,0.009337458,0.056559,0.1,
318,0.099725195,0.042232,0,
319,0.088034842,0.078802,0,
320,0.020763835,0.069197,0,
321,0.056096115,0.060822,0,
322,0.060885053,0.073008,0,
323,0.048024861,0.041237,0.087229588,
324,0.078586438,0.066083,0.060547447,
325,0.02889653,0.051374,0,
326,0.006622231,0.066368,0,
327,0.074092294,0.057116,0,
328,0.062865734,0.065737,0,
329,0.09786964,0.074467,0,
330,0.028660734,0.057963,0,
331,0.056240347,0.070516,0,
332,0.065868252,0.043105,0.009506362,
333,0.092150588,0.048906,0,
334,0.063918875,0.076749,0.030181348,
335,0.067926164,0.062561,0,
336,0.012634555,0.032372,0.01640437,
337,0.073015704,0.040923,0,
338,0.04546234,0.055377,0.017249346,
339,0.032943477,0.006863,0.005298456,
340,0.060716148,0.056606,0.01196189,
341,0.08040661,0.065628,0,
342,0.082323695,0.069788,0,
343,0.047286458,0.078636,0.034281071,
344,0.028168209,0.058568,0.021865919,
345,0.047092522,0.057226,0,
346,0.044534555,0.036087,0,
347,0.072994769,0.059106,0.002061038,
348,0.038052366,0.050766,0,
349,0.094642169,0.045769,0.053687906,
350,0.016858899,0.055637,0,
351,0.087778616,0.070483,0,
352,0.064632228,0.033111,0.023946778,
353,0.027034798,0.052563,0,
354,0.063026686,0.059321,0,
355,0.019890484,0.046773,0,
356,0.050303681,0.062021,0,
357,0.070808134,0.062984,0,
358,0.051506563,0.057462,0,
359,0.078049863,0.027231,0,
360,0.059210453,0.089824,0.010331453,
361,0.083616052,0.055321,0,
362,0.023489863,0.065964,0,
363,0.094507694,0.061274,0,
364,0.072734918,0.070604,0,
365,0.07875219,0.068032,0,
366,0.016354446,0.055265,0.007624329,
367,0.061267705,0.062571,0.007894407,
368,0.040582533,0.046125,0.017969733,
369,0.090981013,0.006852,0.08866231,
370,0.038972393,0.052143,0,
371,0.074557234,0.087902,0.022559027,
372,0.027026973,0.037356,0,
373,0.007345567,0.052107,0,
374,0.051578837,0.068128,0,
375,0.016211358,0.064211,0,
376,0.069268689,0.050547,0.02089553,
377,0.024554483,0.045486,0.008825327,
378,0.046713515,0.059667,0,
379,0.027000096,0.057694,0.042364055,
380,0.05376713,0.035626,0,
381,0.012853459,0.058301,0,
382,0.062438219,0.060236,0.067444839,
383,0.007391179,0.060043,0.011864645,
384,0.089303255,0.044763,0,
385,0.069717448,0.063788,0,
386,0.080310842,0.075002,0,
387,0.072715047,0.063541,0,
388,0.046798084,0.043761,0,
389,0.089453287,0.052459,0.001535263,
390,0.050593617,0.062173,0,
391,0.051213108,0.049832,0,
392,0.089575527,0.031062,0,
393,0.068970873,0.006886,0,
394,0.005197489,0.047565,0,
395,0.077430113,0.050745,0.020756907,
396,0.073673435,0.076559,0,
397,0.007368098,0.048253,0,
398,0.004991209,0.068381,0,
399,0.054391133,0.042207,0,
400,0.026550295,0.053467,0,
401,0.015577144,0.056958,0.050268693,
402,0.077432282,0.043351,0,
403,0.013300524,0.049985,0.057737907,
404,0.003267628,0.057514,0.010886746,
405,0.052321759,0.066206,0.020371499,
406,0.000678038,0.037363,0.091137156,
407,0.011008322,0.053526,0,
408,0.013006429,0.067271,0.023325087,
409,0.006057988,0.051177,0.079251533,
410,0.081821248,0.060696,0,
411,0.092149189,0.063988,0,
412,0.055844569,0.612,0,
413,0.097233861,0.065989,0,
414,0.025199335,0.056347,0.044511718,
415,0.045471386,0.052732,0,
416,0.04436537,0.025029,0,
417,0.035529045,0.056717,0,
418,0.06762662,0.063219,0,
419,0.083006827,0.064525,0,
420,0.098027301,0.050972,0,
421,0.080534384,0.079984,0,
422,0.073197102,0.061431,0,
423,0.032219738,0.059442,0.011410651,
424,0.071069264,0.073681,0,
425,0.093755886,0.048945,0,
426,0.067078779,0.052276,0,
427,0.074147376,0.087662,0,
428,0.044279554,0.005801,0,
429,0.049023999,0.007817,0.009497278,
430,0.07585533,0.039997,0,
431,0.009756038,0.055505,0.078948757,
432,0.089684958,0.062574,0,
433,0.060076939,0.616,0,
434,0.066836281,0.045376,0,
435,0.058660281,0.058111,0,
436,0.011727177,0.044484,0,
437,0.009100596,0.066728,0.027031054,
438,0.010030075,0.071351,0,
439,0.041506168,0.030225,0.017580447,
440,0.026115137,0.073226,0,
441,0.050455443,0.042451,0,
442,0.000443259,0.063523,0,
443,0.094364199,0.066072,0.02724495,
444,0.073408182,0.055388,0,
445,0.084120213,0.049856,0,
446,0.02829263,0.059926,0.008447269,
447,0.031304301,0.063325,0,
448,0.04762333,0.068848,0.1,
449,0.019934204,0.003237,0,
450,0.088970529,0.037539,0,
451,0.057652248,0.075646,0,
452,0.012149772,0.070877,0,
453,0.089018812,0.063281,0,
454,0.00454432,0.066759,0,
455,0.047643154,0.069269,0,
456,0.094393717,0.024808,0,
457,0.010310123,0.071668,0.003444232,
458,0.089018895,0.051846,0,
459,0.071016866,0.060738,0.045453204,
460,0.050456336,0.054204,0.04949764,
461,0.057662025,0.068707,0.070033443,
462,0.048258056,0.053542,0.021524451,
463,0.045009674,0.064315,0.064977469,
464,0.027751916,0.053017,0,
465,0.013126922,0.044293,0,
466,0.011787412,0.072907,0,
467,0.043201109,0.067078,0,
468,0.03056783,0.079297,0,
469,0.022693918,0.058682,0,
470,0.031403302,0.071851,0.061032549,
471,0.027377967,0.082418,0.028248372,
472,0.052529896,0.054374,0.068884114,
473,0.04200394,0.041433,0.036745925,
474,0.002672051,0.054898,0.027593761,
475,0.074162912,0.055212,2.17927346868318e-05,
476,0.010172339,0.059757,0.021948644,
477,0.033613324,0.079149,0,
478,0.036098151,0.053819,0,
479,0.08830283,0.062507,0.032184561,
480,0.079438491,0.055043,0,
481,0.042918037,0.058126,0.019268777,
482,0.033685006,0.061774,0,
483,0.014142841,0.074376,0,
484,0.00270016,0.059379,0.027266706,
485,0.066849071,0.006673,0.044512879,
486,0.098605067,0.006755,0,
487,0.009413195,0.069239,0.015164552,
488,0.088927473,0.050735,0,
489,0.068765624,0.078087,0.002668779,
490,0.065184675,0.053138,0,
491,0.051282716,0.056558,0.006927551,
492,0.082042394,0.075318,0,
493,0.087015586,0.073952,0,
494,0.05280581,0.044328,0.003466218,
495,0.065706192,0.047023,0,
496,0.003163923,0.040997,0.030777489,
497,0.063846484,0.060132,0.032832946,
498,0.003076534,0.005992,0.021801012,
499,0.005883021,0.062396,0,
500,0.088476754,0.064733,0,
501,0.078423907,0.050393,0,
502,0.010466852,0.045525,0,
503,0.043766913,0.070631,0.024796192,
504,0.02168424,0.067205,0.058318245,
505,0.098983493,0.039119,0,
506,0.016859727,0.005669,0,
507,0.027250014,0.046739,0,
508,0.093241581,0.032141,0.015899457,
509,0.0234337,0.059737,0,
510,0.010641201,0.056888,0,
511,0.056307034,0.056662,0,
512,0.07092233,0.060558,0,
513,0.045281923,0.068837,0.032757859,
514,0.073548398,0.060427,0,
515,0.044458484,0.050212,0,
516,0.030147332,0.048742,0,
517,0.062747711,0.056234,0,
518,0.028964889,0.061724,0.032152775,
519,0.096607093,0.044953,0,
520,0.019748678,0.055582,0,
521,0.096033286,0.069891,0,
522,0.007483784,0.056527,0,
523,0.026560481,0.049194,0,
524,0.019029585,0.054443,0,
525,0.031048771,0.071722,0.01714879,
526,0.023045128,0.064707,0.036082549,
527,0.035831595,0.073239,0,
528,0.074409641,0.596,0.03645407,
529,0.002442119,0.006297,0,
530,0.060325433,0.050933,0,
531,0.027927779,0.065394,0,
532,0.082831039,0.005158,0,
533,0.045069805,0.004022,0,
534,0.035760158,0.059462,0,
535,0.012047809,0.082051,0.028256297,
536,0.014391814,0.067824,0,
537,0.087318819,0.072351,0,
538,0.057653175,0.062331,0,
539,0.019889572,0.005031,0.013968087,
540,0.075053817,0.055359,0,
541,0.028723452,0.054477,0,
542,0.052017942,0.052048,0,
543,0.089441317,0.066622,0,
544,0.022141479,0.042994,0,
545,0.019400048,0.068637,0,
546,0.041144788,0.006861,0,
547,0.014081662,0.042978,0.060005544,
548,0.067322749,0.065818,0,
549,0.057936868,0.088069,0,
550,0.083009608,0.050948,0.005264336,
551,0.008009521,0.068371,0.048592276,
552,0.051865343,0.048153,0,
553,0.058559397,0.071673,0,
554,0.084242022,0.060976,0,
555,0.026706667,0.078398,0,
556,0.078376167,0.039743,0,
557,0.012238708,0.057235,0,
558,0.062456454,0.051325,0,
559,0.087617174,0.055421,0,
560,0.028906102,0.050049,0.03525293,
561,0.051544945,0.047511,0,
562,0.075497358,0.065063,0,
563,0.081696379,0.044358,0,
564,0.001458116,0.076312,0,
565,0.008414738,0.043132,0,
566,0.061550405,0.059128,0,
567,0.081198296,0.064495,0,
568,0.060632849,0.065163,0.018433479,
569,0.042752938,0.054123,0.049258906,
570,0.064618692,0.005886,0.054515814,
571,0.089656391,0.069816,0,
572,0.099464346,0.039774,0,
573,0.020494244,0.048158,0,
574,0.024375672,0.061853,0,
575,0.09344993,0.052345,0,
576,0.036250235,0.074895,0.078258623,
577,0.029921495,0.066238,0,
578,0.051352111,0.058769,0.0828567,
579,0.027699467,0.039137,0.071583883,
580,0.005628723,0.058196,0,
581,0.029696356,0.005394,0.046756742,
582,0.009062947,0.566,0,
583,0.010831437,0.004319,0.006941246,
584,0.042157046,0.064068,0.0249988,
585,0.040315878,0.044962,0,
586,0.004782799,0.055061,0.003843,
587,0.083358891,0.062612,0,
588,0.046892321,0.048136,0.038775474,
589,0.032535148,0.065116,0.00746428,
590,0.058259299,0.041513,0.006470293,
591,0.028062093,0.022958,0.032782206,
592,0.06826015,0.006365,0,
593,0.013490072,0.068316,0,
594,0.041568342,0.005432,0,
595,0.0097613,0.064136,0,
596,0.04946183,0.043509,0.035158985,
597,0.008094641,0.056292,0.061940702,
598,0.053495825,0.033747,0,
599,0.08389091,0.072549,0,
600,0.059162778,0.080983,0,
601,0.017443381,0.071217,0.000246628,
602,0.048142224,0.057532,0.012539432,
603,0.055237876,0.057458,0.037854695,
604,0.050121314,0.039034,0,
605,0.021698926,0.067693,0,
606,0.037731902,0.055253,0,
607,0.073317972,0.049711,0,
608,0.042049836,0.040327,0,
609,0.071802465,0.054147,0,
610,0.026366299,0.047322,0.012530239,
611,0.028734682,0.052939,0.02609404,
612,0.023670975,0.042742,0,
613,0.00945412,0.078842,0.1,
614,0.052410703,0.057673,0.019390191,
615,0.056600169,0.071229,0,
616,0.007665518,0.025544,0,
617,0.019371749,0.052241,0.058898034,
618,0.041372205,0.049479,0,
619,0.000329662,0.042676,0.058238315,
620,0.040599981,0.007709,0,
621,0.031900224,0.040286,0,
622,0.050065845,0.061828,0.020795906,
623,0.009754209,0.006839,0.049598272,
624,0.072178637,0.060086,0.040740648,
625,0.032945327,0.046996,0,
626,0.054696829,0.069567,0.006046101,
627,0.028426783,0.059992,0.071675032,
628,0.021861968,0.044657,0,
629,0.082624569,0.040624,0,
630,0.050746675,0.083801,0,
631,0.045807383,0.049441,0,
632,0.050996321,0.034815,0,
633,0.08575052,0.064498,0,
634,0.005980598,0.061727,0.009419155,
635,0.055889148,0.004105,0,
636,0.019362579,0.033729,0,
637,0.075100729,0.056427,0,
638,0.062785676,0.007203,0,
639,0.077222774,0.065776,0,
640,0.016270386,0.051747,0,
641,0.060467759,0.047507,0,
642,0.068906644,0.006124,0,
643,0.072505178,0.059827,0,
644,0.056535501,0.065697,0,
645,0.005986579,0.052954,0.03780554,
646,0.07153999,0.069047,0,
647,0.040299886,0.047549,0,
648,0.084357345,0.053765,0,
649,0.054584778,0.067077,0,
650,0.041098539,0.070173,0,
651,0.019829945,0.033785,0,
652,0.075482238,0.059204,0,
653,0.049418682,0.065437,0,
654,0.014090888,0.039844,0.059863009,
655,0.076150008,0.063844,0,
656,0.029355939,0.047581,0.1,
657,0.023140358,0.070549,0,
658,0.048511579,0.064563,0,
659,0.065584831,0.067428,0.000158927,
660,0.054793253,0.059372,0,
661,0.015136994,0.068604,0.1,
662,0.01513357,0.075026,0.022884709,
663,0.077558684,0.082304,0,
664,0.02625237,0.057519,0,
665,0.030731686,0.029926,0,
666,0.04625046,0.058264,0.006494112,
667,0.09551631,0.060426,0,
668,0.012411449,0.055942,0,
669,0.025483437,0.064933,0.001109523,
670,0.078376521,0.007043,0.046402827,
671,0.02866534,0.051436,0,
672,0.038205052,0.054218,0.074656849,
673,0.068120322,0.062816,0,
674,0.059361699,0.051035,0.056544835,
675,0.035601,0.059006,0.034524755,
676,0.077115317,0.033496,0,
677,0.084500639,0.043956,0,
678,0.01772528,0.041374,0.068791523,
679,0.025473586,0.047265,0.017730545,
680,0.04923268,0.049257,0,
681,0.05966663,0.062622,0,
682,0.069910843,0.070076,0,
683,0.046652377,0.048834,0.023200092,
684,0.082972803,0.045486,0,
685,0.072400676,0.044928,0.084090983,
686,0.05629414,0.005272,0.046779493,
687,0.062135891,0.054902,0.067624984,
688,0.043177655,0.063881,0.03535497,
689,0.03377689,0.053879,0,
690,0.059773711,0.032045,0,
691,0.028864146,0.056736,0,
692,0.063271398,0.072624,0,
693,0.017321671,0.072679,0.002326168,
694,0.033879543,0.048069,0,
695,0.059267784,0.003864,0,
696,0.066186254,0.088415,0.027671655,
697,0.028602111,0.055854,0,
698,0.006232435,0.056661,0.028406726,
699,0.046535482,0.063098,0.054418765,
700,0.032474579,0.037816,0,
701,0.004674338,0.048823,0,
702,0.082192348,0.038731,0.071583787,
703,0.011222927,0.004926,0,
704,0.009320247,0.059349,0,
705,0.044850179,0.040914,0,
706,0.027476072,0.065203,0,
707,0.053366606,0.061467,0.015399795,
708,0.016854024,0.046636,0,
709,0.005036843,0.060684,0,
710,0.071683597,0.067168,0,
711,0.086438108,0.071057,0,
712,0.049064072,0.055227,0,
713,0.035157843,0.056709,0,
714,0.041214935,0.056795,0.021291322,
715,0.033622966,0.075783,0,
716,0.076240011,0.071852,0,
717,0.049178979,0.006824,0,
718,0.025242448,0.054302,0,
719,0.045351054,0.006251,0,
720,0.096299872,0.062883,0,
721,0.004184136,0.044928,0,
722,0.054359872,0.036397,0.042553515,
723,0.090243012,0.065847,0,
724,0.069261882,0.038869,0,
725,0.06110234,0.057893,0,
726,0.044039947,0.060982,0,
727,0.020718801,0.064879,0,
728,0.093128864,0.060226,0,
729,0.089827845,0.048766,0,
730,0.03069476,0.070128,0,
731,0.073460326,0.079476,0,
732,0.00945396,0.068821,0.027418969,
733,0.099913541,0.033721,0,
734,0.093460018,0.075263,0,
735,0.034933836,0.057175,0.013094457,
736,0.042535061,0.064394,0.046711159,
737,0.015024917,0.065601,0.034692464,
738,0.074269508,0.056671,0.007827331,
739,0.093008113,0.056937,0,
740,0.067017442,0.070536,0,
741,0.076070568,0.066714,0,
742,0.090215109,0.070177,0,
743,0.093641186,0.087482,0.039231645,
744,0.06986653,0.066128,0,
745,0.030264538,0.060449,0,
746,0.072720277,0.030403,0,
747,0.069269253,0.091319,0.013966599,
748,0.038076972,0.051874,0.012340223,
749,0.022837252,0.008738,0,
750,0.09939238,0.062527,0,
751,0.037453166,0.076988,0,
752,0.0383639,0.056509,0.062483245,
753,0.091615782,0.064227,0,
754,0.0276102,0.060531,0,
755,0.019535533,0.055559,0,
756,0.082522699,0.056376,0,
757,0.04830211,0.070457,0,
758,0.066413935,0.055369,0,
759,0.055259379,0.032552,0,
760,0.064968678,0.055438,0,
761,0.067080188,0.064579,0,
762,0.031452511,0.065532,0,
763,0.011713514,0.065533,0,
764,0.058498602,0.036846,0,
765,0.072495906,0.062454,0,
766,0.033024027,0.069898,0.001735637,
767,0.028819769,0.073735,0.015751886,
768,0.05883587,0.055077,0,
769,0.066722025,0.053872,0,
770,0.093434504,0.007636,0.074824635,
771,0.078912338,0.037147,0,
772,0.017129163,0.052444,0.038050493,
773,0.041431988,0.063556,0,
774,0.06755959,0.003777,0,
775,0.040587241,0.061347,0,
776,0.059700193,0.081206,0,
777,0.045952713,0.057822,0,
778,0.009991782,0.054412,0.077039308,
779,0.014288246,0.063773,0.0099661,
780,0.05169966,0.054404,0,
781,0.02744171,0.067979,0,
782,0.019683569,0.006911,0.061879199,
783,0.0424598,0.057905,0,
784,0.093336556,0.043251,0.01249556,
785,0.058383172,0.041492,0,
786,0.097013331,0.050504,0,
787,0.052702274,0.006778,0,
788,0.01851667,0.003354,0,
789,0.091599824,0.034433,0.027284179,
790,0.089847628,0.049748,0,
791,0.034473152,0.062773,0,
792,0.007547154,0.004652,0.005193738,
793,0.062916279,0.068891,0,
794,0.04070772,0.062014,0.011836445,
795,0.091851128,0.055752,0,
796,1.97096960619092e-05,0.068047,0,
797,0.063245914,0.062698,0,
798,0.072118547,0.052331,0,
799,0.083764559,0.060744,0,
800,0.040109015,0.065918,0.008409227,
801,0.06915341,0.062299,0,
802,0.062039129,0.049696,0,
803,0.027134533,0.068499,0,
804,0.093795728,0.072198,0,
805,0.079618291,0.061305,0.033864494,
806,0.037080837,0.059663,0.031942548,
807,0.097365141,0.056932,0,
808,0.045431183,0.084729,0.003735711,
809,0.088713611,0.061305,0,
810,0.072194166,0.055905,0,
811,0.00965652,0.026709,0.040685186,
812,0.000936401,0.038422,0,
813,0.093897203,0.056907,0,
814,0.01673347,0.060435,0,
815,0.03991328,0.061312,0.037074824,
816,0.028882835,0.006808,0,
817,0.071218281,0.005546,0.038530689,
818,0.087216421,0.072964,0,
819,0.005038919,0.046421,0.016157529,
820,0.044714612,0.042856,0,
821,0.072694202,0.042601,0,
822,0.091740234,0.067096,0,
823,0.07788479,0.056842,0,
824,0.027687459,0.067686,0.056730213,
825,0.055144709,0.054546,0.009359866,
826,0.061152182,0.050517,0.060296093,
827,0.04712719,0.053295,0,
828,0.000283903,0.034852,0.043678316,
829,0.047357515,0.043339,0,
830,0.022232002,0.039954,0,
831,0.09152948,0.070973,0.044622335,
832,0.095229304,0.005045,0,
833,0.071834024,0.067682,0,
834,0.017044926,0.076716,0,
835,0.077125352,0.055489,0,
836,0.065125773,0.061399,0.029519981,
837,0.072412932,0.036114,0,
838,0.036038131,0.047699,0,
839,0.057428332,0.058571,0.013505562,
840,0.041156784,0.061588,0.00501868,
841,0.041595032,0.048436,0,
842,0.067441966,0.091233,0.027335275,
843,0.058701599,0.052176,0,
844,0.099324268,0.005867,0,
845,0.093997295,0.065946,0,
846,0.001534399,0.057549,0.033091057,
847,0.058973697,0.049875,0,
848,0.009252075,0.070861,0,
849,0.009563676,0.077946,0,
850,0.038299527,0.057503,0,
851,0.048908233,0.064859,0,
852,0.072485246,0.056662,0,
853,0.033044516,0.070502,0,
854,0.010044535,0.043506,0.006687588,
855,0.011553427,0.086711,0,
856,0.025171304,0.050373,0.06508436,
857,0.018762514,0.039745,0,
858,0.059250379,0.053512,0,
859,0.013846397,0.059695,0,
860,0.03555763,0.078047,0.013068922,
861,0.041619739,0.069195,0.029137672,
862,0.064829652,0.059642,0.1,
863,0.072905066,0.040607,0,
864,0.061522538,0.047111,0.022154017,
865,0.07765576,0.055843,0,
866,0.082782467,0.089595,0,
867,0.047448899,0.034757,0.026919141,
868,0.098560174,0.071926,0.032821996,
869,0.082760773,0.051321,0,
870,0.073583898,0.078573,0,
871,0.07080631,0.043717,0,
872,0.058667667,0.059657,0,
873,0.000214422,0.044209,0.036502663,
874,0.058242388,0.069099,0.016526191,
875,0.062257993,0.076309,0.021638364,
876,0.038089456,0.082111,0.005516884,
877,0.028344284,0.067783,0,
878,0.014161517,0.080776,0,
879,0.006807248,0.007336,0.098760299,
880,0.000254872,0.056233,0,
881,0.010044486,0.638,0.090413211,
882,0.077443854,0.045794,0,
883,0.01091356,0.055571,0.01723084,
884,0.072120724,0.073043,0,
885,0.012350949,0.064598,0.008032351,
886,0.057717216,0.063555,0,
887,0.077549361,0.044972,0.014397438,
888,0.091864908,0.005036,0,
889,0.011411929,0.048371,0.033510403,
890,0.071524036,0.062784,0,
891,0.054105559,0.045564,0,
892,0.035936146,0.064856,0.015988016,
893,0.031349964,0.044,0.00015103,
894,0.045697328,0.080593,0,
895,0.004926725,0.063595,0,
896,0.080504913,0.049162,0,
897,0.065383902,0.060867,0,
898,0.049547234,0.053493,0,
899,0.006880138,0.062484,0.045518593,
900,0.018889048,0.060898,0.028087996,
901,0.061181908,0.045271,0,
902,0.05493289,0.048039,0,
903,0.04834613,0.061595,0.012180602,
904,0.068763523,0.078239,0.065544965,
905,0.02367542,0.071349,0.061091276,
906,0.087037736,0.050111,0.015234645,
907,0.010172686,0.068135,0,
908,0.007226614,0.057269,0.049156008,
909,0.066949909,0.061616,0,
910,0.093047182,0.061107,0,
911,0.031066712,0.089874,0.027972929,
912,0.063270556,0.043144,0,
913,0.068028131,0.059126,0.024529591,
914,0.08860653,0.035754,0.006690919,
915,0.097896824,0.065201,0,
916,0.01938669,0.071498,0.057937266,
917,0.055870816,0.075835,0,
918,0.034671447,0.033951,0.006317324,
919,0.065245923,0.063001,0.02131358,
920,0.023978586,0.077671,0,
921,0.024086741,0.052728,0,
922,0.000268513,0.055236,0.005420245,
923,0.005316217,0.057418,0.062102425,
924,0.008425109,0.062408,0.021589172,
925,0.07134797,0.066137,0,
926,0.084201216,0.074247,0,
927,0.065638613,0.056686,0,
928,0.005050317,0.060311,0,
929,0.002293072,0.088787,0.008249244,
930,0.011554373,0.063229,0,
931,0.048395214,0.060217,0,
932,0.076341279,0.041194,0,
933,0.098322378,0.057908,0,
934,0.012761909,0.055122,0,
935,0.097445973,0.057735,0,
936,0.092047592,0.050722,0,
937,0.081652442,0.049338,0,
938,0.089699097,0.048916,0,
939,0.088346855,0.055207,0,
940,0.028952956,0.074872,0.056277439,
941,0.022051348,0.070908,0,
942,0.002916324,0.053399,0.002010901,
943,0.019055964,0.036923,0.022523405,
944,0.080371103,0.047377,0,
945,0.089751953,0.052184,0.015014044,
946,0.010564524,0.005916,0,
947,0.052574212,0.049639,0,
948,0.011020981,0.082807,0,
949,0.029429667,0.054489,0,
950,0.088389131,0.042788,0,
951,0.004041182,0.056117,0,
952,0.096040317,0.045379,0,
953,0.039390183,0.059812,0,
954,0.056918199,0.060775,0,
955,0.054426183,0.006229,0,
956,0.088987883,0.037719,0,
957,0.040412377,0.060615,0,
958,0.020682941,0.006173,0,
959,0.000541018,0.040214,0.01065657,
960,0.037393574,0.069743,0,
961,0.053253695,0.067616,0,
962,0.014407775,0.086447,0,
963,0.088771327,0.059819,0,
964,0.020888426,0.058453,0.034647922,
965,0.027301952,0.059072,0,
966,0.000162847,0.058739,0.061164196,
967,0.022478896,0.034903,0,
968,0.047782884,0.037107,0.021675454,
969,0.094851163,0.056909,0,
970,0.09237184,0.050652,0,
971,0.094681051,0.058552,0,
972,0.032550311,0.031639,0.055349616,
973,0.023065332,0.003925,0.012268923,
974,0.080211665,0.044185,0,
975,0.005369501,0.070125,0.035972037,
976,0.074914896,0.044222,0,
977,0.016117782,0.047937,0,
978,0.067702766,0.058865,0,
979,0.086921633,0.053862,0,
980,0.038746822,0.059691,0.055244273,
981,0.0725212,0.086514,0,
982,0.061673078,0.043898,0,
983,0.032646255,0.054076,0,
984,0.038221449,0.051451,0.002873101,
985,0.011465254,0.076665,0.025051982,
986,0.060398801,0.048311,0,
987,0.065826562,0.056852,0.028564024,
988,0.084145571,0.067653,0,
989,0.046120438,0.044718,0.041423863,
990,0.091844711,0.078439,0.063607736,
991,0.062018555,0.066269,0.002428185,
992,0.039058141,0.044524,0,
993,0.060485929,0.063521,0,
994,0.092467893,0.055222,0,
995,0.055751787,0.061764,0,
996,0.053752608,0.056754,0.022756408,
997,0.06610534,0.071174,0,
998,0.041081591,0.041084,0,
999,0.019219464,0.051378,0,
1000,0.024895396,0.054776,0.079716551,
1001,0.04612131,0.045498,0,
1002,0.054004757,0.004495,0,
1003,0.047793602,0.057649,0.002924213,
1004,0.057253311,0.005623,0.013022096,
1005,0.056270403,0.026194,0,
1006,0.080720381,0.070802,0,
1007,0.070266213,0.060975,0,
1008,0.004966962,0.087895,0,
1009,0.06378836,0.066386,0.064371867,
1010,0.052166636,0.052318,0.038898626,
1011,0.055939913,0.092632,0,
1012,0.065115354,0.093065,0.039218373,
1013,0.053236299,0.042729,0,
1014,0.010604734,0.637,0.057881066,
1015,0.031891041,0.055247,0,
1016,0.08871704,0.060196,0,
1017,0.092594293,0.060699,0.046841964,
1018,0.09308185,0.042192,0,
1019,0.019227074,0.061421,0.031553426,
1020,0.004815503,0.079608,0.039892076,
1021,0.09012375,0.055833,0,
1022,0.034179828,0.055848,0.013918907,
1023,0.009874306,0.007525,0,
1024,0.004620771,0.069035,0,
1025,0.030619308,0.037388,0,
1026,0.093009581,0.060712,0,
1027,0.030787939,0.078419,0.025264092,
1028,0.07121458,0.075458,0,
1029,0.027316977,0.006309,0,
1030,0.054352498,0.066834,0,
1031,0.044700985,0.042999,0,
1032,0.026380509,0.061601,0.046424837,
1033,0.036238386,0.046012,0,
1034,0.097478783,0.052181,0,
1035,0.031069492,0.069498,0.035466672,
1036,0.093489172,0.043745,0,
1037,0.079433437,0.061189,0.044809129,
1038,0.069294663,0.063194,0,
1039,0.037827583,0.058554,0.009317271,
1040,0.064692036,0.080514,0,
1041,0.071641591,0.045169,0,
1042,0.081029803,0.065404,0,
1043,0.054323469,0.056767,0,
1044,0.012306471,0.054631,0,
1045,0.062082867,0.063639,0,
1046,0.09796781,0.045193,0,
1047,0.098567045,0.041551,0,
1048,0.056029589,0.051728,0,
1049,0.008257684,0.079639,0,
1050,0.07992432,0.058565,0.038132066,
1051,0.058230833,0.006199,0,
1052,0.05066496,0.055513,0,
1053,0.004365701,0.063718,0.031219669,
1054,0.035842887,0.046047,0,
1055,0.015823356,0.007226,0.028953673,
1056,0.057781045,0.065137,0,
1057,0.028287382,0.047851,0.028969414,
1058,0.061557586,0.005855,0.029111739,
1059,0.096360301,0.066773,0.015764573,
1060,0.020908689,0.064802,0.047867127,
1061,0.084178751,0.076286,0,
1062,0.012821623,0.050255,0.024500204,
1063,0.006031302,0.071741,0.026651868,
1064,0.028853388,0.070752,0,
1065,0.001219125,0.055853,0,
1066,0.01518213,0.045745,0,
1067,0.069698108,0.044339,0,
1068,0.036239699,0.006356,0.056527074,
1069,0.002065582,0.056988,0,
1070,0.077033247,0.079979,0.017181347,
1071,0.036600876,0.064522,0,
1072,0.052288614,0.005325,0,
1073,0.002221966,0.045129,0,
1074,0.04345487,0.050635,0,
1075,0.067197783,0.062133,0,
1076,0.004269057,0.052269,0.015293778,
1077,0.074661212,0.064262,0,
1078,0.085221492,0.053718,0,
1079,0.057628899,0.005656,8.20989670264477e-07,
1080,0.048252891,0.048795,0.055264478,
1081,0.026630675,0.081544,0,
1082,0.066703223,0.062005,0.009910494,
1083,0.021835667,0.060738,0,
1084,0.052815704,0.036849,0.011591471,
1085,0.03369537,0.006607,0,
1086,0.076830606,0.045153,0,
1087,0.002346503,0.046794,0,
1088,0.060087543,0.069283,0,
1089,0.053133202,0.052247,0.032012207,
1090,0.001855735,0.036147,0.015603295,
1091,0.036377681,0.079864,0.035437405,
1092,0.080138525,0.028331,0.052749121,
1093,0.019625624,0.006499,0,
1094,0.08679745,0.070512,0,
1095,0.04607104,0.050032,0,
1096,0.074385588,0.063393,0,
1097,0.060992049,0.063329,0,
1098,0.074653912,0.070803,0.0006963,
1099,0.061481789,0.063887,0,
1100,0.005542079,0.054829,0.019857299,
1101,0.077078754,0.069254,0,
1102,0.093636072,0.006782,0,
1103,0.070006354,0.046234,0,
1104,0.015899326,0.040466,0,
1105,0.068289603,0.059864,0,
1106,0.03033292,0.054468,0.037461713,
1107,0.008451736,0.045626,0.016384757,
1108,0.070396788,0.058915,0,
1109,0.055686272,0.004147,0.028226746,
1110,0.009246721,0.059875,0.071230639,
1111,0.058167982,0.050107,0,
1112,0.090269732,0.069766,0,
1113,0.029446643,0.087998,0.049568577,
1114,0.054392783,0.004649,0.021861919,
1115,0.022901128,0.071014,0,
1116,0.051546931,0.068125,0,
1117,0.020582744,0.057,0,
1118,0.032081219,0.052235,0.074578935,
1119,0.011181269,0.077446,0,
1120,0.042906869,0.032953,0,
1121,0.069747385,0.004988,0.002675189,
1122,0.095012706,0.040018,0,
1123,0.093018454,0.007521,0.028877593,
1124,0.026918103,0.055502,0,
1125,0.000766665,0.051353,0,
1126,0.097085196,0.097436,0,
1127,0.049291026,0.005725,0.00736684,
1128,0.028962158,0.052358,0,
1129,0.093715677,0.061598,0.008171841,
1130,0.059755389,0.038383,0,
1131,0.002156961,0.063964,0,
1132,0.014128356,0.056677,0.015229285,
1133,0.080409755,0.063694,0,
1134,0.017064798,0.045665,0,
1135,0.046782777,0.045161,0.040367049,
1136,0.073640955,0.049256,0,
1137,0.071116745,0.048329,0,
1138,0.022169932,0.074014,0,
1139,0.064062815,0.077494,0,
1140,0.073367146,0.055923,0,
1141,0.079601385,0.053412,0,
1142,0.043142467,0.053783,0.029195317,
1143,0.016159712,0.058732,0,
1144,0.031751446,0.059076,0.005363222,
1145,0.039436172,0.061476,0,
1146,0.091881666,0.048594,0,
1147,0.02553086,0.047349,0,
1148,0.010738347,0.072747,0.031458724,
1149,0.031338065,0.051055,0,
1150,0.075515303,0.061638,0,
1151,0.061353058,0.057164,0,
1152,0.076972039,0.004597,0.031915726,
1153,0.07977955,0.065216,0,
1154,0.007943079,0.060023,0,
1155,0.070074927,0.075265,0.030822095,
1156,0.027579181,0.059332,0,
1157,0.086380669,0.053752,0,
1158,0.025970289,0.006133,0.008663262,
1159,0.0002241,0.004314,0,
1160,0.082785852,0.047485,0,
1161,0.07072752,0.064213,0,
1162,0.001218455,0.053733,0,
1163,0.045368309,0.057052,0.042676605,
1164,0.072334387,0.005644,0,
1165,0.016492755,0.049789,0,
1166,0.013442457,0.032788,0.001084861,
1167,0.064695045,0.062207,0,
1168,0.008338894,0.067336,0.015333672,
1169,0.036258278,0.041859,0.038141337,
1170,0.014473554,0.076292,0,
1171,0.006157589,0.062658,0.036893261,
1172,0.022489995,0.074543,0,
1173,0.096997241,0.045978,0,
1174,0.077012709,0.059944,0,
1175,0.0578629,0.056629,0.011972279,
1176,0.049832149,0.067421,0,
1177,0.058863783,0.050717,0,
1178,0.086388526,0.057747,0.00788931,
1179,0.000234504,0.035771,0.016007687,
1180,0.013278458,0.048209,0.005324135,
1181,0.04010776,0.059426,0,
1182,0.061999624,0.049095,0,
1183,0.009813453,0.057331,0,
1184,0.014008435,0.052058,0.015761227,
1185,0.051979309,0.065414,0,
1186,0.008223058,0.072391,0,
1187,0.041270156,0.047652,0,
1188,0.096201184,0.054057,0,
1189,0.020144793,0.075762,0,
1190,0.05557423,0.030549,0.031934428,
1191,0.000881235,0.053898,0,
1192,0.036179358,0.083528,0,
1193,0.045886305,0.085129,0,
1194,0.016159261,0.059818,0.011116639,
1195,0.062904064,0.047141,0,
1196,0.067996338,0.059928,0,
1197,0.062832166,0.049761,0.03237977,
1198,0.003466835,0.075924,0.050521712,
1199,0.042902762,0.047851,0,
1200,0.015882024,0.062506,0.016508323,
1201,0.037842298,0.065574,0,
1202,0.034439886,0.048459,0,
1203,0.006725559,0.068453,0.043133983,
1204,0.069837777,0.048578,0.047021328,
1205,0.099079192,0.065703,0,
1206,0.086763425,0.071499,0,
1207,0.077580358,0.004559,0,
1208,0.067304344,0.007164,0,
1209,0.016467824,0.051789,0.044777798,
1210,0.031738002,0.006153,0,
1211,0.003771771,0.006038,0.059804322,
1212,0.070068269,0.052564,0.020455064,
1213,0.046137839,0.061203,0.068350391,
1214,0.095722513,0.042583,0,
1215,0.052442153,0.005618,0.021765864,
1216,0.096547272,0.068133,0.00302331,
1217,0.039583825,0.030857,0.028180559,
1218,0.001154896,0.039383,0.1,
1219,0.051380999,0.043434,0,
1220,0.048913093,0.038126,0,
1221,0.096128073,0.063086,0,
1222,0.038316384,0.045534,0,
1223,0.009945831,0.030976,0.01316459,
1224,0.090512281,0.004995,0.001905195,
1225,0.030615324,0.053018,0,
1226,0.006001647,0.068518,0.08250097,
1227,0.026717936,0.044157,0,
1228,0.011423866,0.072302,0.039346382,
1229,0.071817692,0.062822,0.051299743,
1230,0.034039537,0.062375,0,
1231,0.018705554,0.047279,0.001088536,
1232,0.015129152,0.082148,0.019510191,
1233,0.090157051,0.055831,0,
1234,0.04177427,0.035196,0,
1235,0.08935848,0.055339,0,
1236,0.076638007,0.033835,0,
1237,0.077588995,0.054014,0,
1238,0.032216416,0.052626,0,
1239,0.071728582,0.066344,0,
1240,0.050920635,0.070416,0,
1241,0.072933983,0.004885,0,
1242,0.02647564,0.067889,0,
1243,0.09617041,0.007557,0,
1244,0.006573561,0.048128,0.066650945,
1245,0.02097582,0.049765,0.035431694,
1246,0.050224491,0.065958,0,
1247,0.006327847,0.060147,0,
1248,0.057015472,0.064691,0.004445621,
1249,0.064286691,0.075326,0,
1250,0.085417457,0.062682,0.1,
1251,0.015709069,0.007094,0.011111035,
1252,0.057901126,0.065612,0,
1253,0.054271039,0.006326,0,
1254,0.083794824,0.062669,0,
1255,0.093542869,0.073918,0.036014856,
1256,0.090376116,0.045418,0,
1257,0.049023664,0.044139,0,
1258,0.014909252,0.065227,0,
1259,0.030036318,0.056385,0,
1260,0.046770755,0.058792,0.023172547,
1261,0.061556633,0.067083,0,
1262,0.079631388,0.067232,0,
1263,0.066721955,0.054608,0,
1264,0.065967908,0.053988,0,
1265,0.053273698,0.058787,0.000672008,
1266,0.066183428,0.071081,0,
1267,0.097499912,0.063166,0,
1268,0.08592423,0.075678,0.004155079,
1269,0.042081894,0.057777,0.076125182,
1270,0.05204063,0.071859,0,
1271,0.080816289,0.068844,0,
1272,0.025152403,0.065478,0,
1273,0.05311457,0.063025,0,
1274,0.032149906,0.054394,0,
1275,0.058742273,0.056517,0,
1276,0.002872573,0.060722,0,
1277,0.065660372,0.005848,0,
1278,0.090111282,0.069592,0,
1279,0.014602685,0.056514,0,
1280,0.009959637,0.056998,0,
1281,0.096579275,0.051854,0.012223175,
1282,0.094434471,0.056153,0,
1283,0.078656672,0.057018,0,
1284,0.048239187,0.029122,0.011315161,
1285,0.010915628,0.040913,0.051956512,
1286,0.047369751,0.056971,0,
1287,0.026717818,0.054576,0,
1288,0.052177038,0.004295,0,
1289,0.025894988,0.033126,0,
1290,0.082688295,0.053469,0,
1291,0.072493548,0.065992,0,
1292,0.013748494,0.079906,0,
1293,0.016480057,0.057394,0.036491211,
1294,0.069080691,0.076426,0,
1295,0.028578024,0.058904,0.01813371,
1296,0.085110825,0.059308,0,
1297,0.068396687,0.061908,0.067361947,
1298,0.059545836,0.047054,0.045677892,
1299,0.092459103,0.057229,0,
1300,0.046655592,0.006916,0,
1301,0.093840277,0.048556,0,
1302,0.097652147,0.053876,0.023506556,
1303,0.092136043,0.004361,0,
1304,0.05767986,0.062275,0.001953053,
1305,0.002554649,0.006315,0.006984298,
1306,0.098552306,0.065928,0,
1307,0.039742696,0.042715,0,
1308,0.025899257,0.059205,0,
1309,0.024330588,0.046141,0,
1310,0.097541864,0.057867,0,
1311,0.058368569,0.074555,0,
1312,0.056983165,0.051615,0,
1313,0.020521455,0.066777,0,
1314,0.065095219,0.048557,0,
1315,0.072409591,0.051926,0,
1316,0.045531875,0.063323,0.021824776,
1317,0.053318469,0.049434,0,
1318,0.006410412,0.036711,0.003947479,
1319,0.072560917,0.073593,0,
1320,0.066399819,0.006235,0,
1321,0.071577992,0.005062,0,
1322,0.061265767,0.033094,0,
1323,0.094881844,0.081508,0,
1324,0.028717808,1e-04,0,
1325,0.040265852,0.006045,0.024178852,
1326,0.037810419,0.068432,0,
1327,0.042999167,0.073088,0,
1328,0.016637113,0.049152,0,
1329,0.086491706,0.053508,0,
1330,0.054691316,0.036411,0,
1331,0.027639271,0.048719,0.026049257,
1332,0.025548942,0.065606,0,
1333,0.01046104,0.005426,0,
1334,0.003641556,0.005521,0.02062406,
1335,0.022863175,0.056473,0,
1336,0.09314957,0.034715,0,
1337,0.026318891,0.006828,0.030172263,
1338,0.02125894,0.039936,0,
1339,0.0285263,0.005528,0,
1340,0.088912639,0.052423,0,
1341,0.045221827,0.055156,0.015232369,
1342,0.097631204,0.076013,0.009565523,
1343,0.058127768,0.050639,0.041936346,
1344,0.053265856,0.048141,0,
1345,0.069473737,0.038989,0,
1346,0.028699218,0.047861,0,
1347,0.094238809,0.043381,0,
1348,0.071410517,0.062941,0,
1349,0.066015565,0.047149,0,
1350,0.028680291,0.006165,0,
1351,0.057788457,0.056053,0.000216927,
1352,0.053426265,0.040059,0,
1353,0.006430679,0.048048,0.057839429,
1354,0.00981746,0.006887,0,
1355,0.059872123,0.069093,0,
1356,0.005608588,0.082793,0.081348764,
1357,0.044535105,0.057828,0.027292068,
1358,0.037087661,0.039285,0,
1359,0.066185144,0.048324,0,
1360,0.006972847,0.062948,0,
1361,0.039436359,0.081483,0.076478767,
1362,0.058574413,0.059239,0.000344885,
1363,0.034739381,0.072042,0,
1364,0.025252373,0.067416,0,
1365,0.024107638,0.043358,0,
1366,0.031751635,0.055746,0,
1367,0.044250834,0.074091,0,
1368,0.074247981,0.068758,0,
1369,0.030421312,0.063635,0,
1370,0.079003411,0.063801,0,
1371,0.027755394,0.051766,0.046290721,
1372,0.089294618,0.041478,0,
1373,0.007728244,0.073969,0,
1374,0.047062522,0.040225,0,
1375,0.027448451,0.046206,0,
1376,0.034464101,0.065687,0.008889931,
1377,0.028791241,0.042188,0.002075028,
1378,0.058845811,0.051015,0.038060141,
1379,0.062779133,0.043175,0,
1380,0.058223726,0.065584,0.010279571,
1381,0.095104045,0.063418,0,
1382,0.051145634,0.063114,0,
1383,0.097047946,0.006337,0,
1384,0.09241318,0.064796,0,
1385,0.06552452,0.065817,0,
1386,0.085675815,0.003341,0,
1387,0.073080801,0.056023,0,
1388,0.088306617,0.059269,0,
1389,0.069605026,0.066877,0,
1390,0.075450508,0.043117,0,
1391,0.012933273,0.051664,0.010190643,
1392,0.087124717,0.044531,0,
1393,0.048708168,0.071009,0,
1394,0.056486397,0.073765,0.042641803,
1395,0.077934485,0.006766,0,
1396,0.04172107,0.042683,0,
1397,0.067331277,0.063488,0.031385292,
1398,0.012115789,0.072167,0.057011032,
1399,0.010347666,0.059959,0,
1400,0.082549958,0.050838,0,
1401,0.09337751,0.044376,0,
1402,0.026908874,0.049605,0,
1403,0.067175332,0.066755,0,
1404,0.0026378,0.052508,0.072924799,
1405,0.020768194,0.607,0,
1406,0.048638935,0.073963,0.003824693,
1407,0.045735883,0.065058,0,
1408,0.03781634,0.074829,0,
1409,0.046551912,0.036729,0,
1410,0.014323838,0.054384,0,
1411,0.089808917,0.058681,0,
1412,0.037165337,0.065061,0,
1413,0.045365798,0.043344,0,
1414,0.089268009,0.067889,0.005520162,
1415,0.09698549,0.061692,0,
1416,0.053927651,0.006115,0.021855131,
1417,0.096002199,0.006419,0,
1418,0.013417518,0.056426,0.010516396,
1419,0.059326047,0.069373,0,
1420,0.032261868,0.065927,0,
1421,0.096481087,0.056006,0.0687605,
1422,0.036314697,0.708,0,
1423,0.077184054,0.061507,0,
1424,0.001064124,0.066182,0.032851805,
1425,0.015108491,0.050489,0,
1426,0.046588849,0.007751,0,
1427,0.023786795,0.057822,0,
1428,0.040019031,0.068407,0,
1429,0.099470059,0.056628,0,
1430,0.043840845,0.054397,0,
1431,0.013866918,0.067619,0,
1432,0.045066768,0.038182,0,
1433,0.095856704,0.063816,0,
1434,0.070607496,0.062762,0,
1435,0.087249763,0.002438,0,
1436,0.072928692,0.062449,0.059290587,
1437,0.066554636,0.030928,0,
1438,0.014712717,0.066071,0.009410025,
1439,0.078686864,0.052232,0,
1440,0.063596401,0.049237,0,
1441,0.08782564,0.057787,0,
1442,0.066377333,0.074933,0,
1443,0.08667563,0.049978,0,
1444,0.034473425,0.064807,0.054409585,
1445,0.099512078,0.062111,0,
1446,0.057474519,0.043216,0,
1447,0.046994636,0.036238,0,
1448,0.049135046,0.033113,0,
1449,0.027585898,0.064722,0,
1450,0.039475267,0.005744,0,
1451,0.09960285,0.080867,0,
1452,0.03442073,0.065,0,
1453,0.02743494,0.006843,0.039675428,
1454,0.026929217,0.074453,0.010068047,
1455,0.023709376,0.005165,0,
1456,0.091522096,0.006421,0,
1457,0.013235059,0.068667,0,
1458,0.028733901,0.074887,0.01154551,
1459,0.092775592,0.067349,0,
1460,0.040724319,0.063105,0,
1461,0.055453163,0.047084,0,
1462,0.010730982,0.066937,0.016848903,
1463,0.048767111,0.064088,0,
1464,0.079601502,0.065753,0,
1465,0.053637058,0.063136,0,
1466,0.08642743,0.055364,0,
1467,0.098322152,0.056917,0,
1468,0.065810333,0.066413,0,
1469,0.085800758,0.060005,0,
1470,0.061802322,0.047557,0,
1471,0.056288517,0.054267,0.00060455,
1472,0.005695684,0.041481,0.066752962,
1473,0.045336595,0.045856,0,
1474,0.086857549,0.056075,0,
1475,0.039551624,0.035529,0,
1476,0.083839043,0.036891,0,
1477,0.009805116,0.071572,0.1,
1478,0.016155703,0.050707,0,
1479,0.031165843,0.034863,0,
1480,0.058237625,0.005647,0,
1481,0.024172365,0.074287,0,
1482,0.084771793,0.066101,0,
1483,0.03854762,0.063357,0,
1484,0.019710568,0.072581,0,
1485,0.075103672,0.048286,0,
1486,0.000882201,0.066939,0,
1487,0.094768083,0.050577,0.024232958,
1488,0.037962958,0.057882,0,
1489,0.040549813,0.085388,0,
1490,0.005926465,0.069918,0.028577659,
1491,0.016048113,0.067415,0.002455361,
1492,0.057136838,0.441,0.03570503,
1493,0.061759823,0.048102,0,
1494,0.08932098,0.086254,0.037594697,
1495,0.017218994,0.044287,0.003283783,
1496,0.068305493,0.060537,0,
1497,0.050596139,0.068963,0.000755461,
1498,0.077084815,0.070531,0,
1499,0.063476556,0.071405,0,
1500,0.065991776,0.055845,0,
1501,0.088799749,0.047671,0.004687167,
1502,0.031500009,0.054054,0.058498977,
1503,0.006094592,0.046663,0.051695053,
1504,0.015136384,0.065664,0.044595802,
1505,0.05240193,0.071793,0.019512209,
1506,0.023064481,0.084304,0,
1507,0.022386168,0.062421,0.055781253,
1508,0.046895157,0.047002,0,
1509,0.001429097,0.070602,0.010406947,
1510,0.016273812,0.069114,0,
1511,0.089541202,0.054912,0,
1512,0.014650926,0.038514,0.033892151,
1513,0.094272344,0.067332,0.025201206,
1514,0.054129862,0.071903,0.043229463,
1515,0.097526746,0.054205,0,
1516,0.038613624,0.064535,0.02540876,
1517,0.097606762,0.054444,0,
1518,0.035305679,0.006635,0,
1519,0.058961216,0.056415,0,
1520,0.069542015,0.053589,0,
1521,0.096101866,0.059259,0.027541006,
1522,0.06219643,0.005435,0,
1523,0.008710574,0.050528,0.016623327,
1524,0.086502234,0.053946,0,
1525,0.056401842,0.057771,0,
1526,0.070233427,0.006045,0.009449138,
1527,0.033158312,0.076914,0.004920178,
1528,0.090236639,0.040998,0,
1529,0.013752914,0.055392,0.02196766,
1530,0.021400029,0.065719,0,
1531,0.089529144,0.079766,0,
1532,0.064829987,0.063166,0,
1533,0.050132856,0.057701,0,
1534,0.021632172,0.005405,0.000593854,
1535,0.086895055,0.006302,0,
1536,0.014911802,0.070162,0,
1537,0.067690003,0.055587,0,
1538,0.046394599,0.059907,0.045682086,
1539,0.045550911,0.060568,0.003970412,
1540,0.095674527,0.066934,0,
1541,0.026036478,0.071682,0,
1542,0.045041837,0.061341,0.019622157,
1543,0.020518009,0.056926,0,
1544,0.055500596,0.075202,0,
1545,0.007457386,0.059916,0,
1546,0.028855116,0.077478,0.1,
1547,0.080896041,0.057103,0,
1548,0.003726928,0.655,0,
1549,0.000800746,0.038661,0,
1550,0.054275354,0.056475,0.067590866,
1551,0.099496717,0.057601,0,
1552,0.028079497,0.048449,0.039662058,
1553,0.015856893,0.045,0.051546954,
1554,0.050931495,0.069654,0.075470041,
1555,0.007079062,0.069231,0,
1556,0.076501822,0.041734,0,
1557,0.071495963,0.063145,0,
1558,0.054580459,0.044048,0,
1559,0.012307168,0.044812,0,
1560,0.053693431,0.064401,0,
1561,0.096424942,0.049348,0,
1562,0.013624578,0.070217,0,
1563,0.086720658,0.058351,0.053591151,
1564,0.003026693,0.064534,0.072788982,
1565,0.006479147,0.051366,0,
1566,0.002070129,0.043567,0.02106544,
1567,0.022189612,0.069239,0.02189817,
1568,0.072303361,0.006083,0,
1569,0.070364281,0.054901,0,
1570,0.069033554,0.058732,0,
1571,0.010075753,0.074347,0.063617974,
1572,0.025655915,0.049197,0,
1573,0.008827752,0.004856,0.073585808,
1574,0.059067,0.050173,0,
1575,0.030087096,0.038177,0,
1576,0.097826792,0.068057,0.053049212,
1577,0.025428102,0.060262,0,
1578,0.032948688,0.060446,0,
1579,0.041823332,0.057333,0.001092861,
1580,0.076718068,0.051533,0,
1581,0.058890913,0.004764,0.047957123,
1582,0.098222067,0.068457,0,
1583,0.08557576,0.040151,0,
1584,0.091665759,0.063343,0,
1585,0.087200609,0.048023,0,
1586,0.072650066,0.006138,0.002530106,
1587,0.036701472,0.048668,0,
1588,0.067148617,0.051369,0.010473592,
1589,0.017334635,0.079858,0,
1590,0.07243617,0.066176,0.016952104,
1591,0.090984555,0.003122,0,
1592,0.083940053,0.059443,0,
1593,0.031877801,0.052258,0,
1594,0.098539518,0.043749,0,
1595,0.066393273,0.060479,0,
1596,0.08688328,0.059487,0.006466884,
1597,0.017065229,0.005379,0.033801244,
1598,0.018376061,0.082384,0.00775182,
1599,0.065686239,0.002993,0,
1600,0.040074136,0.068288,0,
1601,0.051728521,0.054281,0.00281948,
1602,0.078653825,0.006603,0.014837999,
1603,0.07164519,0.052231,0,
1604,0.052720997,0.050493,0.005993651,
1605,0.090385412,0.036619,0,
1606,0.096148179,0.055269,0,
1607,0.045036853,0.088672,0,
1608,0.012655677,0.007017,6.12860882268085e-06,
1609,0.013752468,0.078692,0.017299084,
1610,0.041196439,0.069241,0,
1611,0.058961088,0.007209,0,
1612,0.05035342,0.069091,0.034182198,
1613,0.059490115,0.063779,0.000596335,
1614,0.035716989,0.050634,0,
1615,0.097038099,0.005125,0,
1616,0.091161027,0.003798,0,
1617,0.096132435,0.578,0,
1618,0.022273843,0.069047,0.026966148,
1619,0.008895876,0.070694,0,
1620,0.079187606,0.059054,0.001520004,
1621,0.095026905,0.051067,0,
1622,0.04988332,0.098759,0,
1623,0.013376498,0.067026,0.0098116,
1624,0.063308477,0.075524,0.007574484,
1625,0.072188869,0.053676,0,
1626,0.086166535,0.574,0,
1627,0.095505413,0.063446,0,
1628,0.064910041,0.078704,0,
1629,0.093097187,0.054002,0,
1630,0.020742484,0.068479,0.030653344,
1631,0.093342553,0.031842,0,
1632,0.033866644,0.051569,0,
1633,0.037859835,0.041818,0,
1634,0.043339631,0.071706,0,
1635,0.08531552,0.055829,0,
1636,0.033128213,0.053021,0.003837692,
1637,0.054380686,0.074884,0.06313973,
1638,0.088580268,0.071743,0,
1639,0.006993307,0.046713,0.005708365,
1640,0.007733321,0.063189,0.027452452,
1641,0.040325765,0.042608,0.011519691,
1642,0.037023094,0.051962,0,
1643,0.053434439,0.077959,0.011560639,
1644,0.098836892,0.075891,0.028174195,
1645,0.072411385,0.071652,0.002100712,
1646,0.024839825,0.050778,0,
1647,0.061413611,0.034494,0,
1648,0.007048993,0.043263,0.043765127,
1649,0.02030461,0.069708,0,
1650,0.092409988,0.054261,0,
1651,0.099513349,0.031,0,
1652,0.015165345,0.055633,0,
1653,0.077249526,0.075395,0.1,
1654,0.081748151,0.065868,0,
1655,0.046489497,0.047667,0.053414043,
1656,0.032154264,0.038663,0.05856052,
1657,0.051537916,0.047602,0.06219832,
1658,0.055021868,0.058301,0,
1659,0.067819355,0.068907,0,
1660,0.034456814,0.033767,0,
1661,0.069345947,0.070586,0,
1662,0.03759914,0.005794,0,
1663,0.061399321,0.064952,0,
1664,0.002744983,0.037329,0,
1665,0.031057451,0.049588,0,
1666,0.049114718,0.052302,0,
1667,0.075278899,0.070843,0,
1668,0.088998031,0.070648,0,
1669,0.004470375,0.063278,0.019068838,
1670,0.025382563,0.077806,0.01361103,
1671,0.061013005,0.051468,0,
1672,0.088241324,0.070454,0,
1673,0.015843523,0.057425,0,
1674,0.095585298,0.004958,0,
1675,0.067719226,0.069346,0.035411323,
1676,0.051947839,0.075033,0,
1677,0.030397616,0.068785,0.016408059,
1678,0.038536646,0.051542,0.019169737,
1679,0.067533483,0.052035,0,
1680,0.020457999,0.074991,0,
1681,0.057779429,0.062256,0,
1682,0.021013655,0.006818,0,
1683,0.056978593,0.053663,0,
1684,0.017021934,0.073541,0.06398279,
1685,0.053839052,0.047823,0,
1686,0.015455134,0.065643,0,
1687,0.068336191,0.047718,0.022490364,
1688,0.058357384,0.027273,0,
1689,0.084727226,0.041185,0,
1690,0.051955194,0.059566,0,
1691,0.002750881,0.068843,0.05502555,
1692,0.062526791,0.036111,0,
1693,0.066091731,0.042322,0,
1694,0.079287879,0.079798,0,
1695,0.023070898,0.005248,0.061605787,
1696,0.077723417,0.064156,0.001051479,
1697,0.078009469,0.051324,0,
1698,0.076163346,0.054162,0.001068532,
1699,0.051085354,0.058956,0.042752223,
1700,0.035509317,0.058008,0,
1701,0.072449028,0.055479,0,
1702,0.043446944,0.052034,0,
1703,0.044323696,2e-05,0,
1704,0.067318214,0.081092,0,
1705,0.004900978,0.080119,0.018108144,
1706,0.066765761,0.004419,0.012132078,
1707,0.0432731,0.055783,0,
1708,0.043275797,0.074961,0,
1709,0.070064394,0.070277,0,
1710,0.073647293,0.073735,0.037776776,
1711,0.031445407,0.044555,0.073949021,
1712,0.016733741,0.089897,0.018261707,
1713,0.058811468,0.043788,0,
1714,0.066126087,0.006724,0,
1715,0.045639476,0.059627,0,
1716,0.006854403,0.052856,0,
1717,0.084010196,0.053157,0,
1718,0.081477149,0.045553,0.001392462,
1719,0.063441153,0.078035,0,
1720,0.045049842,0.058984,0,
1721,0.050124404,0.061093,0,
1722,0.054668751,0.060477,0,
1723,0.054130336,0.005321,0,
1724,0.034924974,0.043781,0.036778302,
1725,0.083939381,0.061025,0,
1726,0.041729363,0.031857,0.028814904,
1727,0.011955991,0.040245,0,
1728,0.069640127,0.044497,0,
1729,0.094425564,0.044469,0,
1730,0.004120579,0.059204,0.017825471,
1731,0.023506548,0.077734,0,
1732,0.07557525,0.039043,0,
1733,0.085194646,0.063261,0,
1734,0.05779036,0.006905,0,
1735,0.095619789,0.045576,0,
1736,0.049024524,0.057216,0,
1737,0.047107509,0.068106,0.016611728,
1738,0.048037842,0.054697,0.040346642,
1739,0.093805692,0.005513,0,
1740,0.086543583,0.061696,0,
1741,0.006568146,0.057126,0.016650214,
1742,0.043844414,0.050968,0.000456622,
1743,0.02857628,0.005615,0.064637123,
1744,0.014083712,0.081268,0.055684801,
1745,0.007246316,0.068728,0,
1746,0.047015674,0.046507,0.058045077,
1747,0.093043221,0.042403,0.095373735,
1748,0.084080652,0.053399,0,
1749,0.012237159,0.074383,0.090654051,
1750,0.020915595,0.061509,0.025781071,
1751,0.011432113,0.049155,0.013356018,
1752,0.003698069,0.068834,0,
1753,0.065062878,0.056215,0,
1754,0.051383923,0.043947,0,
1755,0.049002703,0.063603,0.004151872,
1756,0.066634942,0.076811,0,
1757,0.025797506,0.063271,0.009014158,
1758,0.036329788,0.060258,0.027943939,
1759,0.050662441,0.049718,0,
1760,0.065340109,0.064935,0.017857229,
1761,0.051678705,0.044569,0,
1762,0.044546309,0.003733,0,
1763,0.079371141,0.057333,0.028242719,
1764,0.099890613,0.057442,0,
1765,0.084020108,0.008726,0,
1766,0.037923599,0.042758,0.041252647,
1767,0.063132862,0.059996,0,
1768,0.083698923,0.067875,0,
1769,0.051777553,0.070926,0,
1770,0.034524243,0.057739,0.002236605,
1771,0.036419663,0.048636,0,
1772,0.041515531,0.057055,0,
1773,0.060667249,0.081975,0,
1774,0.091819541,0.006387,0,
1775,0.000225303,0.032468,0.009030496,
1776,0.019248859,0.007556,0.004466033,
1777,0.038839485,0.064588,0,
1778,0.00518236,0.057455,0.061000263,
1779,0.013634597,0.005765,0,
1780,0.019584792,0.056011,0,
1781,0.005070171,0.006106,0,
1782,0.025126099,0.051611,0,
1783,0.031123486,0.061314,0,
1784,0.00209351,0.046299,0.042099154,
1785,0.044263222,0.060359,0,
1786,0.013239702,0.071625,0,
1787,0.014530767,0.064199,0,
1788,0.061648838,0.070717,0,
1789,0.099540555,0.044317,0,
1790,0.099185067,0.058553,0,
1791,0.034732503,0.065542,0,
1792,0.070843667,0.044601,0,
1793,0.096197494,0.077328,0.000434196,
1794,0.046589742,0.045014,0,
1795,0.02849572,0.059916,0,
1796,0.075869438,0.059759,0,
1797,0.059904101,0.059384,0,
1798,0.004961599,0.055257,0.000386568,
1799,0.043841802,0.063463,0.009035991,
1800,0.052350691,0.045059,0,
1801,0.031505054,0.041851,0,
1802,0.017667147,0.049739,0,
1803,0.095183365,0.005716,0,
1804,0.045355441,0.073488,0,
1805,0.025689673,0.077597,0,
1806,0.025619859,0.061842,0.00898885,
1807,0.030479681,0.062614,0.033965148,
1808,0.015466035,0.054845,0,
1809,0.065038899,0.058469,0,
1810,0.068260559,0.040419,0,
1811,0.020418427,0.061475,0.069822034,
1812,0.058456953,0.051217,0,
1813,0.028328201,0.062031,0.066836286,
1814,0.021934078,0.053573,0,
1815,0.077737214,0.049651,0,
1816,0.063106055,0.055149,0,
1817,0.026861643,0.053313,0,
1818,0.028016801,0.071473,0,
1819,0.04467426,0.060472,0,
1820,0.081476607,0.063246,0,
1821,0.036572563,0.042453,0,
1822,0.031314376,0.076471,0,
1823,0.01264148,0.059852,0.058696465,
1824,0.037912103,0.047232,0,
1825,0.098525093,0.061712,0.037759708,
1826,0.067937404,0.068688,0,
1827,0.050890108,0.040679,0,
1828,0.059710393,0.078873,0,
1829,0.038824562,0.055908,0,
1830,0.062222781,0.071803,0.012173493,
1831,0.093843879,0.005877,0,
1832,0.000994933,0.053741,0.046620399,
1833,0.009692116,0.035072,0,
1834,0.009357321,0.044202,0,
1835,0.003021361,0.057358,0.006972709,
1836,0.066828893,0.068159,0.010548327,
1837,0.038925728,0.034491,0.019215451,
1838,0.005816103,0.074963,0.009724325,
1839,0.028940461,0.075256,0.076441235,
1840,0.010317174,0.043665,0,
1841,0.089853511,0.063741,0,
1842,0.003737241,0.045028,0,
1843,0.092150092,0.056316,0,
1844,0.065585681,0.069411,0,
1845,0.058491508,0.068662,0,
1846,0.096707738,0.004732,0,
1847,0.014152225,0.053068,0,
1848,0.091235596,0.045742,0,
1849,0.004287712,0.062091,0,
1850,0.013600781,0.038499,0.1,
1851,0.063127177,0.025201,0,
1852,0.080116988,0.076136,0,
1853,0.091216471,0.086122,0,
1854,0.001467886,0.052218,0.020046164,
1855,0.055399602,0.067329,0,
1856,0.027070185,0.057779,0,
1857,0.086955136,0.076192,0,
1858,0.063847151,0.064758,0.020896079,
1859,0.075342108,0.060403,0,
1860,0.08471909,0.035516,0,
1861,0.089381066,0.071329,0,
1862,0.016942857,0.053512,0,
1863,0.032509247,0.040433,0.090808557,
1864,0.09519439,0.055365,0,
1865,0.011767322,0.056297,0,
1866,0.078366075,0.071033,0.006433989,
1867,0.039183029,0.043366,0,
1868,0.00359778,0.050943,0.016524407,
1869,0.076396619,0.076363,0,
1870,0.0682445,0.074754,0.02524635,
1871,0.028319774,0.072326,0,
1872,0.074955617,0.078518,0,
1873,0.087679822,0.060407,0,
1874,0.077201081,0.050642,0,
1875,0.082885968,0.064771,0,
1876,0.054028404,0.071027,0.005929541,
1877,0.002697333,0.087863,0.063754251,
1878,0.084482122,0.033456,0,
1879,0.083955726,0.061267,0,
1880,0.084406045,0.066008,0,
1881,0.097767485,0.057194,0,
1882,0.010630905,0.038515,0.023677634,
1883,0.02857836,0.067086,0.006239625,
1884,0.068211187,0.048191,0,
1885,0.013377753,0.064158,0,
1886,0.088059185,0.069149,0,
1887,0.043260356,0.073826,0.011849216,
1888,0.014534828,0.038514,0,
1889,0.083773738,0.071314,0,
1890,0.002509501,0.048466,0.034781087,
1891,0.030925041,0.041855,0,
1892,0.074044149,0.074203,0,
1893,0.067014755,0.072115,0,
1894,0.044925156,0.054858,0,
1895,0.042533352,0.006731,0,
1896,0.06519667,0.047182,0.084042314,
1897,0.059986922,0.055995,0,
1898,0.0664622,0.056707,0.023704077,
1899,0.099109855,0.054384,0.058482135,
1900,0.054515779,0.066994,0,
1901,0.010750975,0.076975,0,
1902,0.072385322,0.052209,0,
1903,0.062293333,0.057466,0,
1904,0.051310063,0.007821,0,
1905,0.04196227,0.053783,0,
1906,0.073620355,0.025515,0.059273781,
1907,0.018248862,0.064259,0,
1908,0.00439109,0.046857,0.01926194,
1909,0.003404237,0.045464,0,
1910,0.007362305,0.075527,0.003730178,
1911,0.020383656,0.008829,0,
1912,0.067422673,0.044952,0,
1913,0.036411218,0.070683,0,
1914,0.097523136,0.056702,0,
1915,0.052006856,0.059634,0,
1916,0.083860665,0.073059,0,
1917,0.061517658,0.060527,0,
1918,0.081653474,0.047293,0,
1919,0.045385555,0.052027,0.031190765,
1920,0.08406991,0.066398,0,
1921,0.083853875,0.028846,0,
1922,0.03132071,0.071481,0,
1923,0.029541199,0.038399,0,
1924,0.074282624,0.058145,0,
1925,0.005538296,0.055507,0,
1926,0.077529257,0.073939,0,
1927,0.067065648,0.060219,0,
1928,0.089627986,0.059139,0,
1929,0.004885573,0.066547,0,
1930,0.076817497,0.047596,0.039639792,
1931,0.031295799,0.055438,0,
1932,0.050986191,0.072504,0.048910532,
1933,0.000377788,0.066365,0,
1934,0.00910494,0.042023,0,
1935,0.048942579,0.065799,0,
1936,0.046328171,0.040754,0,
1937,0.058999474,0.050438,0.086024505,
1938,0.001583297,0.072919,0.07166394,
1939,0.077273228,0.029901,0,
1940,0.076341032,0.035766,0.033774779,
1941,0.017195129,0.074043,0.020513057,
1942,0.07713927,0.047748,0,
1943,0.062393047,0.073326,0,
1944,0.039830382,0.055781,0,
1945,0.042733917,0.063187,0.061423032,
1946,0.05181063,0.067978,0,
1947,0.080317156,0.004978,0,
1948,0.015398279,0.054087,0.026240702,
1949,0.074994755,0.052714,0.035706892,
1950,0.093869367,0.092864,0,
1951,0.02690253,0.059439,0,
1952,0.006175737,0.063747,0,
1953,0.050095981,0.053638,0,
1954,0.008090037,0.054868,0.000242409,
1955,0.075615138,0.075004,0,
1956,0.013911399,0.053661,0.022058276,
1957,0.035735586,0.058122,0,
1958,0.07516689,0.062556,0.009294437,
1959,0.057241721,0.052508,0,
1960,0.055307565,0.082215,0.061077145,
1961,0.019507072,0.040122,0.031863279,
1962,0.087305012,0.082864,0.016747473,
1963,0.026461654,0.053503,0.018497003,
1964,0.025241886,0.074735,0.024459522,
1965,0.083172558,0.033031,0.037281466,
1966,0.010308702,0.069752,0,
1967,0.063507602,0.068762,0.081368837,
1968,0.091942401,0.042076,0,
1969,0.013155661,0.048325,0.064464292,
1970,0.087866073,0.060277,0.004565552,
1971,0.024746202,0.072085,0.092847488,
1972,0.076926501,0.048354,0,
1973,0.091731438,0.055087,0.055041617,
1974,0.011877484,0.077397,0,
1975,0.016082509,0.043864,0.022527327,
1976,0.048950911,0.069649,0.06234359,
1977,0.039625528,0.063448,0,
1978,0.097486335,0.044131,0.002609663,
1979,0.022526927,0.049573,0,
1980,0.088656803,0.067605,0,
1981,0.099257664,0.060966,0,
1982,0.083494726,0.007558,0,
1983,0.074488223,0.050394,0,
1984,0.065422166,0.036568,0,
1985,0.02854694,0.070892,0.017043439,
1986,0.07868968,0.050309,0,
1987,0.073929946,0.059367,0,
1988,0.045831011,0.079232,0,
1989,0.010352344,0.005476,0.006733225,
1990,0.03589624,0.077126,0,
1991,0.083619016,0.044239,0,
1992,0.026987905,0.069372,0,
1993,0.004964382,0.060939,0.063570566,
1994,0.035473111,0.048717,0.026290634,
1995,0.093620788,0.041967,0.004904091,
1996,0.006731731,0.058824,0,
1997,0.094339782,0.061043,0,
1998,0.088455998,0.006132,0.1,
1999,0.046254452,0.064543,0,
2000,0.015853164,0.005215,0.013862548,
2001,0.069865289,0.051515,0,
2002,0.063230907,0.060816,0,
2003,0.04304141,0.051142,0,
2004,0.011291176,0.073022,0.001062976,
2005,0.038983816,0.060036,0.029652536,
2006,0.086002632,0.050227,0.06354222,
2007,0.042041963,0.003542,0,
2008,0.042026893,0.049874,0,
2009,0.035714927,0.083295,0,
2010,0.003194785,0.050904,0,
2011,0.032104601,0.047484,0.052997121,
2012,0.06664413,0.065985,0,
2013,0.059973632,0.063355,0,
2014,0.024546151,0.067212,0.065099778,
2015,0.077838095,0.054418,0,
2016,0.043609735,0.071822,0,
2017,0.073101259,0.043301,0,
2018,0.013336815,0.057265,0.008242889,
2019,0.056837834,0.049123,0,
2020,0.031283743,0.066331,0,
2021,0.020472156,0.059487,0,
2022,0.039115295,0.071661,0,
2023,0.014526607,0.008345,0.001009344,
2024,0.084175581,0.005962,0,
2025,0.072683579,0.051229,0,
2026,0.070237839,0.047639,0,
2027,0.02704136,0.054604,0,
2028,0.075944317,0.057007,0.003376568,
2029,0.083353086,0.082622,0,
2030,0.001975985,0.043842,0,
2031,0.036099551,0.044288,0.067961472,
2032,0.029040091,0.052803,0.07425093,
2033,0.051575551,0.065173,0,
2034,0.047185594,0.068075,0,
2035,0.064159817,0.004659,0,
2036,0.088759425,0.059451,0,
2037,0.093451154,0.057339,0,
2038,0.092738474,0.072723,0,
2039,0.097184335,0.071406,0,
2040,0.073296628,0.053992,0,
2041,0.09826303,0.058444,0,
2042,0.083668725,0.065983,0,
2043,0.093914639,0.037326,0,
2044,0.055755154,0.054017,0,
2045,0.044950299,0.065015,0,
2046,0.041273313,0.005137,0.001300251,
2047,0.093145548,0.057127,0,
2048,0.072913601,0.057611,0,
2049,0.034420696,0.004888,0.031089287,
2050,0.082379479,0.045515,0,
2051,0.070113397,0.055389,0,
2052,0.063319912,0.005356,0,
2053,0.023962084,0.068236,0,
2054,0.006762097,0.076882,0,
2055,0.01606627,0.057724,0,
2056,0.009068207,0.062826,0,
2057,0.090797017,0.056997,0,
2058,0.06656701,0.065344,0,
2059,0.052088165,0.060587,0.039768797,
2060,0.068421514,0.060812,0,
2061,0.033686735,0.071701,0,
2062,0.089766696,0.045603,0,
2063,0.026780683,0.075863,0.074150167,
2064,0.001682166,0.006221,0,
2065,0.059425634,0.060119,0,
2066,0.066957872,0.050911,0,
2067,0.073711422,0.055836,0,
2068,0.00540897,0.062515,0,
2069,0.08507134,0.032229,0,
2070,0.01650121,0.050398,0,
2071,0.023879728,0.065153,0,
2072,0.020060146,0.054213,0,
2073,0.00400622,0.047925,0.049978516,
2074,0.015748216,0.049973,0,
2075,0.090409854,0.060801,0,
2076,0.006913649,0.037558,0.060905209,
2077,0.027854672,0.068698,0,
2078,0.020431844,0.030921,0,
2079,0.060871779,0.051618,0,
2080,0.012317783,0.048091,0,
2081,0.077538311,0.042357,0,
2082,0.042204658,0.044478,0,
2083,0.098843407,0.060979,0,
2084,0.037981325,0.056384,0,
2085,0.057132536,0.054134,0.027729131,
2086,0.075448247,0.029035,0.019873086,
2087,0.044607472,0.041416,0.056034994,
2088,0.041505026,0.005624,0,
2089,0.035549371,0.046962,0.002288539,
2090,0.042252923,0.047972,0,
2091,0.008960356,0.070913,0,
2092,0.092713737,0.060054,0,
2093,0.003252751,0.044901,0,
2094,0.067311688,0.052048,0,
2095,0.042844025,0.054332,0.074906288,
2096,0.025161547,0.049419,0,
2097,0.085143082,0.045893,0,
2098,0.034045777,0.057228,0,
2099,0.032769353,0.067082,0,
2100,0.0958718,0.060691,0,
2101,0.002882188,0.055385,0,
2102,0.033847286,0.062691,0.010434253,
2103,0.064898898,0.067737,0,
2104,0.06280138,0.056126,0,
2105,0.042862151,0.063536,0,
2106,0.0220823,0.043637,0.036438343,
2107,0.030927477,0.005477,0,
2108,0.055582589,0.052649,0.041876069,
2109,0.026800692,0.060303,0,
2110,0.012585492,0.062312,0.005384221,
2111,0.039761392,0.056336,0,
2112,0.027502871,0.048351,0.033283098,
2113,0.023845972,0.004632,0.020883451,
2114,0.004985472,0.061333,0.018201985,
2115,0.069253638,0.074732,0.007358799,
2116,0.088903636,0.048091,0,
2117,0.074344019,0.053091,0,
2118,0.028313338,0.061981,0.040999626,
2119,0.054560275,0.005098,0,
2120,0.066444403,0.059383,0,
2121,0.043990973,0.057281,0,
2122,0.079186453,0.048226,0.056548443,
2123,0.060236683,0.068203,0,
2124,0.049344378,0.068388,0,
2125,0.061662993,0.070598,0.013245585,
2126,0.068545636,0.073628,0,
2127,0.075957787,0.005158,0,
2128,0.07006789,0.521,0.037939364,
2129,0.052122452,0.061118,0,
2130,0.048479721,0.065701,0,
2131,0.019491054,0.053652,0.032507996,
2132,0.061064106,0.052612,0.01128433,
2133,0.077390391,0.005019,0,
2134,0.032382119,0.007629,0,
2135,0.083805038,0.026706,0.008622347,
2136,0.042843902,0.005579,0,
2137,0.029939572,0.058347,0,
2138,0.090061643,0.044706,0.088057967,
2139,0.033261848,0.062661,0,
2140,0.037292383,0.033429,0,
2141,0.094487602,0.069738,0,
2142,0.097014059,0.037203,0,
2143,0.006360303,0.030501,0.074509843,
2144,0.026555506,0.048384,0,
2145,0.001048103,0.059886,0,
2146,0.039915014,0.049776,0,
2147,0.065108684,0.050922,0,
2148,0.039355943,0.062012,0,
2149,0.098669554,0.044714,0,
2150,0.057718872,0.056805,0.033538377,
2151,0.060828383,0.064059,0,
2152,0.053055085,0.078176,0,
2153,0.058712698,0.006383,0,
2154,0.016768105,0.079179,0,
2155,0.04787485,0.063503,0,
2156,0.013713439,0.057832,0,
2157,0.058540251,0.029833,0,
2158,0.054747169,0.042655,0.013540482,
2159,0.048582103,0.053909,0,
2160,0.07002005,0.066723,0,
2161,0.022508306,0.053865,0,
2162,0.075656974,0.064627,0,
2163,0.089046404,0.044653,0,
2164,0.029071882,0.054466,0,
2165,0.050776796,0.060568,0,
2166,0.063818061,0.053406,0.061152735,
2167,0.079199477,0.059274,0,
2168,0.015573056,0.049537,0,
2169,0.0749244,0.062524,0,
2170,0.024293226,0.056865,0,
2171,0.018690837,0.057287,0,
2172,0.018775114,0.033657,0.051870117,
2173,0.076692024,0.049501,0,
2174,0.012471582,0.039362,0,
2175,0.063895641,0.003792,0,
2176,0.00822,0.051735,0,
2177,0.027419949,0.055874,0,
2178,0.071887217,0.061396,0,
2179,0.085304527,0.071432,0,
2180,0.081540736,0.063394,0,
2181,0.049387172,0.070448,0,
2182,0.00218568,0.051332,0.073174943,
2183,0.058490554,0.054047,0,
2184,0.065444372,0.071356,0.089053235,
2185,0.078940969,0.057887,0,
2186,0.033477976,0.036994,0,
2187,0.092159663,0.047353,0,
2188,0.073500256,0.070392,0.005357263,
2189,0.042142785,0.050283,0,
2190,0.060358208,0.062015,0,
2191,0.09627489,0.058049,0,
2192,0.056456107,0.051704,0,
2193,0.091746384,0.053513,0,
2194,0.08822452,0.062739,0,
2195,0.041164167,0.060476,0.012209018,
2196,0.083711231,0.073214,0,
2197,0.08343008,0.055389,0,
2198,0.030052722,0.464,0,
2199,0.093382921,0.059933,0.010735135,
2200,0.093850981,0.066636,0,
2201,0.001626246,0.086227,0.066536749,
2202,0.020867377,0.005211,0,
2203,0.073781395,0.053817,0.039872776,
2204,0.025191145,0.068838,0.09664514,
2205,0.013466051,0.073793,0,
